{
  "Volume": {
    "StepCount": 40,
    "Level": {
      "Calculated": true,
      "ExponentiationBase": 100,
      "MinLevel": 0.001,
      "MaxLevel": 1,
      "List": [
        0.001,
        0.00226,
        0.00369,
        0.00529,
        0.00709,
        0.00912,
        0.0114,
        0.014,
        0.0169,
        0.0201,
        0.0238,
        0.0279,
        0.0325,
        0.0377,
        0.0436,
        0.0502,
        0.0577,
        0.066,
        0.0754,
        0.086,
        0.098,
        0.111,
        0.126,
        0.143,
        0.163,
        0.184,
        0.208,
        0.236,
        0.266,
        0.301,
        0.34,
        0.383,
        0.432,
        0.488,
        0.55,
        0.62,
        0.699,
        0.788,
        0.888,
        1
      ]
    }
  },
  "Popup": {
    "TimeoutMilliseconds": 1200,
    "WindowOpacity": 0.75
  },
  "Audio": {
    "Device1Name": "Speaker",
    "Device2Name": "Headphone",
    "UnmuteSystemSound": true
  }
}